UID,State,Office Level,Electoral District,Office Name,Candidate Name,Candidate Party,Completed?,Incumbent,Phone,Mailing Address,Website,Email,Facebook URL,Twitter Name,Google Plus URL,Wiki Word,Youtube
AK00001,AK,Federal,AK,United States Representative,Sharon M. Cissna?,Democratic,(907) 272-8662?,"P.O. Box 141892 | Anchorage, AK 99514"
AK00002,AK,Federal,AK,United States Representative,Ted Gianoutsos?,Non-Affiliated,(907) 272-1648,"P.O. Box 143115? | Anchorage, AK 99514",http://www.tedandfran.com
AK00003,AK,Federal,AK,United States Representative,Jim C. McDermott?,Democratic,(907) 328-1097,"123 Chief Evan Drive? | Fairbanks, AK 99709"
AK00004,AK,Federal,AK,United States Representative,Don Young?,Republican,(907) 563-4314,"2504 Fairbanks Street | Anchorage, AK 99503",http://alaskansfordonyoung.com?
AL00007,AL,State,AL,Supreme Court Chief Justice,Harry Lyon,Democratic
AL00008,AL,State,AL,Public Service Commission President,Lucy Baxley,Democratic
AL00021,AL,State,AL,Supreme Court Chief Justice,Roy Moore,Republican
AL00022,AL,State,AL,Public Service Commission President,Twinkle Andress Cavanaugh,Republican
AZ00001,AZ,Federal,AZ,U.S. Senator,Richard Carmona,Democratic,6024413595,"PO Box 12339 | Tucson, AZ 85732"
AZ00002,AZ,Federal,AZ,U.S. Senator,Marc Victor,Libertarian,4803041296,"25008 South 125th Place | Chandler, AZ 85249"
AZ00003,AZ,Federal,AZ,U.S. Senator,Jeff Flake,Republican,6028450333,"PO Box 12512 | Tempe, AZ 85284"
AZ00030,AZ,State,AZ,Corporation Commissioner,Marcia Busching,Democratic,4802523806,"3319 East Highline Canal Road | Phoenix, AZ 85042"
AZ00031,AZ,State,AZ,Corporation Commissioner,Sandra Kennedy,Democratic,6028813305,"2317 East Wier Avenue | Phoenix, AZ 85040"
AZ00032,AZ,State,AZ,Corporation Commissioner,Paul Newman,Democratic,5202499376,"177 West 20th Street #3 | Tucson, AZ 85701"
AZ00033,AZ,State,AZ,Corporation Commissioner,Thomas Meadows,Green,6027538287,"3110 West Royal Palm Road | Phoenix, AZ 85051"
AZ00034,AZ,State,AZ,Corporation Commissioner,Daniel Pout,Green,"1230 North Mesa Drive Apartment 171 | Mesa, AZ 85201"
AZ00035,AZ,State,AZ,Corporation Commissioner,Christopher Gohl,Libertarian,4806528643,"17524 East Hawley Drive | Fountain Hills, AZ 85268"
AZ00036,AZ,State,AZ,Corporation Commissioner,Susan Bitter Smith,Republican,6024991505,"5806 East Lewis Avenue | Scottsdale, AZ 85257"
AZ00037,AZ,State,AZ,Corporation Commissioner,"Robert ""Bob"" Burns",Republican,6024690799,"PO Box 6419 | Peoria, AZ 85385"
AZ00038,AZ,State,AZ,Corporation Commissioner,Bob Stump,Republican,4806328100,"8735 West Windrose Drive | Peoria, AZ 85381"
CA00001,CA,Federal,CA,United States Senator,Dianne Feinstein,Democratic,TRUE
CA00002,CA,Federal,CA,United States Senator,Elizabeth Emken,Republican,FALSE
CO00039,CO,State,CO,Colorado University Regent,Stephen C. Ludwig,Democratic,"3100 Huron St. #2G | Denver, CO 80202",www.voteregentludgwig.com
CO00040,CO,State,CO,Colorado University Regent,Tyler Belmont,American Constitution,"7065 Nettlewood Pl. | Colorado Springs, CO 80918"
CO00041,CO,State,CO,Colorado University Regent,Brian Davidson,Republican,"15856 W. 74th Pl. | Arvada, CO 80007",www.davidsonforcuregent.com
CO00042,CO,State,CO,Colorado University Regent,"Daniel ""NewJeffersonian""   Ong ",Libertarian,"1205 Holly Pl. | Boulder, CO 80303",www.ongforcuregent.com
CO00323,CO,Other,CO,Supreme Court Justice,Nathan B. Coats,Non-Partisan
CO00324,CO,Other,CO,State Court of Appeals,Laurie A. Booras,Non-Partisan
CO00325,CO,Other,CO,State Court of Appeals,James S. Casebolt,Non-Partisan
CO00326,CO,Other,CO,State Court of Appeals,Dennis A. Graham,Non-Partisan
CO00327,CO,Other,CO,State Court of Appeals,Gale T. Miller,Non-Partisan
CO00328,CO,Other,CO,State Court of Appeals,Daniel Marc Taubman,Non-Partisan
CO00329,CO,Other,CO,State Court of Appeals,John R. Webb,Non-Partisan
DC00023,DC,Federal,DC,United States Senator ('Shadow Senator'),David Schwartzman,Statehood Green,202-829-9063,"1634 Montague Street NW, Washington, DC 20011"
DC00025,DC,Federal,DC,United States Representative ('Shadow Representative'),G. Lee Aikin,Statehood Green,202-667-3514,"1754 Swann Street NW, Washington, DC 20009"
DC00003,DC,Federal,DC,Delegate to the United States House of Representatives,Natale Lino Stracuzzi,Statehood Green,202-421-0377,"2804 Jasper Road SE #402, Washington, DC 20020",stracuzziforcongress@gmail.com
DC00010,DC,Other,DC,Member of the Council of the District of Columbia,Ann C. Wilcox,Statehood Green,202-441-3265,"1500 Massachusetts Avenue NW #252, Washington, DC 20005",Wilcox_Ann@yahoo.com
DC00008,DC,Other,DC,Member of the Council of the District of Columbia,Vincent Orange,Democratic,202-486-3201,"1540 Taylor Street NE, Washington, DC 20017"
DC00021,DC,Federal,DC,United States Senator ('Shadow Senator'),Michael D. Brown,Democratic,202-537-0739,"4501 Western Avenue NW, Washington, DC 20016",hrzcom@aol.com
DC00024,DC,Federal,DC,United States Representative ('Shadow Representative'),Nate Bennett-Fleming,Democratic,202-341-3134,"1394 Morris Road SE, Washington, DC 20020",manager.nbf2012@gmail.com
DC00002,DC,Federal,DC,Delegate to the United States House of Representatives,Eleanor H. Norton,Democratic,202-207-8829,"P.O. Box 70626, Washington, DC 20024",citizenstoelectnorton@gmail.com
DC00004,DC,Other,DC,Member of the Council of the District of Columbia,Mary Brooks Beatty,Republican,202-546-4196,"1228 Duncan Place NE, Washington, DC 20002",mary@marybrooksbeatty.com
DC00022,DC,Federal,DC,United States Senator ('Shadow Senator'),Nelson F. Rimensnyder,Republican,202-364-2526,"3881 Newark Street NW #A475, Washington, DC 20016",joegrano@netzero.com
1,DE,Federal,DE,U.S. Senator,Thomas R. Carper,Democratic,"600 W MATSON RUN PKY, WILMINGTON, DE 19802?",WWW.CARPERFORDELAWARE.COM?
6,DE,Federal,DE,U.S. Senator,Kevin Wade,Republican,"137 E 3RD ST, NEW CASTLE, DE 19720?",WWW.WADEFORUSSENATE.COM?,KEVINWADE@WADEFORDELAWARE.COM?
12,DE,Federal,DE,U.S. Senator,Andrew Richard Groff,Green,"503 ROTHBURY RD, WOODBROOK, WILMINGTON, DE 19803?",WWW.ANDREWGROFFFORSENATE.US?
17,DE,Federal,DE,U.S. Senator,Alexander Pires,Independent Party of Delaware,"2 DICKINSON ST, REHOBOTH, DE 19971?",FARMERSLAWYER@AOL.COM?
25,DE,Federal,DE,Representative in Congress,John C. Carney Jr.,Democratic,"506 W 19TH ST, WILMINGTON, DE 19802?",JOHN@JOHNCARNEY.ORG?
30,DE,Federal,DE,Representative in Congress,Thomas H. Kovach,Republican,"1410 WILLIAM PENN LN, WELDIN PARK, WILMINGTON, DE 19803?",WWW.KOVACHFORCONGRESS.ORG?,TKOVACH@KOVACHFORCONGRESS.ORG?
36,DE,Federal,DE,Representative in Congress,Bernard August,Green,"101 CARDIFF COURT WEST, MEADOWDALE, NEWARK, DE 19711?",WWW.BERNIEAUGUSTFORUSCONGRESS.US?,NIXMOX@VERIZON.NET?
42,DE,Federal,DE,Representative in Congress,Scott Gesty,Libertarian,"1609 WINDYBUSH RD, WINDYBUSH, WILMINGTON, DE 19810?",WWW.GESTY4CONGRESS.ORG?
47,DE,State,DE,Governor,Jack A. Markell,Democratic,"3 GUYENNE RD, GUYENCOURT, WILMINGTON, DE 19807?"
50,DE,State,DE,Governor,Jeffrey E. Cragg,Republican,"415 FOULKSTONE RD, WOODBROOK, WILMINGTON, DE 19803?",WWW.CRAGG2012.COM?,JEFFCRAGG@COMCAST.NET?
56,DE,State,DE,Governor,Mark Joseph Perri,Green,"2011 MONROE PL, WILMINGTON, DE 19802?",WWW.PERRIDEGOV.US?,MARK@MPERRI.COM?
62,DE,State,DE,Governor,Jesse Mcvay,Libertarian,"7 MCBRY CT, WOODS MANOR EAST, DOVER, DE 19901?"
65,DE,State,DE,Lt. Governor,Matthew Denn,Democratic,"441 COLDSPRING RUN, THISTLEBERRY FARMS, NEWARK, DE 19711?",WWW.MATTDENN.COM?,MATTDENN@HOTMAIL.COM?
71,DE,State,DE,Lt. Governor,Cheryl Anne Valenzuela,Republican,"503 GILCREST ST, MILFORD, DE 19963?",WWW.SHER2012.COM?,SHER@SHER2012.COM?
77,DE,State,DE,Lt. Governor,Margaret Mckeown,Libertarian,"3454 LONGRIDGE RD, CLAYTON, DE 19938?"
80,DE,State,DE,Insurance Commissioner,Karen Stewart,Democratic,"801 W 20TH ST, WILMINGTON, DE 19802?"
83,DE,State,DE,Insurance Commissioner,Benjamin Mobley,Republican,"66 CANTWELL DR, CANTWELL RIDGE, MIDDLETOWN, DE 19709?",WWW.BENJAMINMOBLEY.COM?,MOBLEYBENJAMIN2012@GMAIL.COM?
89,DE,State,DE,Insurance Commissioner,David Eisenhour,Libertarian,"P O BOX 257, GEORGETOWN, DE 19947?",WWW.SUSSEXLP.ORG?,CHAIR@SUSSEXLP.ORG?
FL00001,FL,Federal,FL,United States Senator,Bill Nelson,Democratic,4078024765,"1516 East Colonial Drive Suite 101 | Orlando, FL 32803", 
FL00002,FL,Federal,FL,United States Senator,Bill Gaylor,No Party Affiliation,3212591308,"477 N. Harbor City Boulevard  | Melbourne, FL 32935",bill@floridaforbill.com
FL00003,FL,Federal,FL,United States Senator,Chris Borgia,No Party Affiliation,"4611 South University Dr. #178  | Davie, FL 33328", 
FL00004,FL,Federal,FL,United States Senator,Connie Mack,Republican,"2103 Coral Way, Suite 401  | Miami, FL 33145",info@conniemack.com
FL00069,FL,State,FL,Supreme Court Justice,Peggy A. Quince,Nonpartisan, 
FL00070,FL,State,FL,Supreme Court Justice,R. Fred Lewis,Nonpartisan,rfl@voteyesjusticelewis.com
FL00071,FL,State,FL,Supreme Court Justice,Barbara J. Pariente,Nonpartisan,bjp@voteyesjusticepariente.com
HI00001,HI,Federal,HI,U.S. Senator,Mazie Hirono,Democratic,(808) 536-3292,"PO BOX 677 | HONOLULU, HI 96809"
HI00002,HI,Federal,HI,U.S. Senator,Linda Lingle,Republican,(808) 777-8845,"PO BOX 4559 | HONOLULU, HI 96812"
HI00150,HI,State,HI,OHA Trustee Island Of Hawaii (1),Robert K. Lindsey,Nonpartisan,(808) 936-6795,"PO BOX 1063 | KAMUELA, HI 96743"
HI00151,HI,State,HI,OHA Trustee Island Of Hawaii (1),William (Willy) Meyers,Nonpartisan,(808) 896-3422,"PO BOX 491 | PAPAIKOU, HI 96781"
HI00152,HI,State,HI,OHA Trustee Island Of Hawaii (1),Edwin L.P. Miranda,Nonpartisan,(808) 961-2524,"431 NAHALE-A AVE | HILO, HI 96720"
HI00153,HI,State,HI,OHA Trustee Island Of Kauai (1),Dan Ahuna,Nonpartisan,(808) 634-4319,"PO BOX 1355 | KAPAA, HI 96746"
HI00154,HI,State,HI,OHA Trustee Island Of Kauai (1),Keola Alalem Worthington,Nonpartisan,(808) 635-0603,"PO BOX 1501 | KAPAA, HI 96746"
HI00155,HI,State,HI,OHA Trustee Island Of Kauai (1),Liberta Hussey Albao,Nonpartisan,(808) 652-8290,"PO BOX 164 | KAPAA, HI 96746"
HI00156,HI,State,HI,OHA Trustee Island Of Kauai (1),Jackie Kahookele Burke,Nonpartisan,(808) 382-2019,"PO BOX 927 | LIHUE, HI 96766"
HI00157,HI,State,HI,OHA Trustee Island Of Kauai (1),Kanani Kagawa Fu,Nonpartisan,(808) 652-2073,"PO BOX 3296 | LIHUE, HI 96766"
HI00158,HI,State,HI,OHA Trustee Island Of Kauai (1),Haunani Pacheco,Nonpartisan,(808) 652-7811,"PO BOX 158 | KILAUEA, HI 96754"
HI00159,HI,State,HI,OHA Trustee Island Of Kauai (1),Sharon A. Pomroy,Nonpartisan,(808) 346-6725,"PO BOX 600 | ANAHOLA, HI 96703"
HI00160,HI,State,HI,OHA Trustee Island Of Kauai (1),Ronson K. Sahut,Nonpartisan,(808) 212-6116,"PO BOX 674 | KALAHEO, HI 96741"
HI00161,HI,State,HI,OHA Trustee Island Of Kauai (1),D. Kaliko Santos,Nonpartisan,(808) 346-0841,"PO BOX 1541 | LIHUE, HI 96766"
HI00162,HI,State,HI,OHA Trustee Island Of Kauai (1),Billy Kealamaikahiki Swain,Nonpartisan,(808) 652-6087,"401 PAPALOA RD, #503 | KAPAA, HI 96746"
HI00163,HI,State,HI,OHA Trustee Island Of Kauai (1),Leland K. (Radar) Yadao,Nonpartisan,(808) 635-7005,"PO BOX 861 | LIHUE, HI 96766"
HI00164,HI,State,HI,OHA Trustee Island Of Molokai (1),Colette (Piipii) Machado,Nonpartisan,(808) 282-4354,"PO BOX 142 | KAUNAKAKAI, HI 96748"
HI00165,HI,State,HI,OHA Trustee No Island Residency Req (1),Keli'i Akina,Nonpartisan,(808) 256-9792,"PO BOX 61036 | HONOLULU, HI 96839"
HI00166,HI,State,HI,OHA Trustee No Island Residency Req (1),Haunani Apoliona,Nonpartisan,(808) 737-9011,"1447 FRANK ST | HONOLULU, HI 96816"
HI00167,HI,State,HI,OHA Trustee No Island Residency Req (1),Cal Lee,Nonpartisan,(808) 330-5638,"741 AIPO ST | HONOLULU, HI 96825"
HI00168,HI,State,HI,OHA Trustee No Island Residency Req (1),Lancelot Haili Lincoln,Nonpartisan,(808) 628-1855,"67-330 GOODALE AVE, B28 | WAIALUA, HI 96791"
HI00169,HI,State,HI,OHA Trustee No Island Residency Req (1),Kealii J. Makekau,Nonpartisan,(808) 947-4343,"PO BOX 372071 | HONOLULU, HI 96837"
HI00170,HI,State,HI,OHA Trustee No Island Residency Req (1),Walter Ritte,Nonpartisan,(808) 567-9415,"LOT 69E PUUPEELUA AVE | HOOLEHUA, HI 96729"
IN00001,IN,Federal,IN,United States Senator,Joe Donnelly,Democratic,"16200 Fox Cross Drive | Granger, IN 46530"
IN00002,IN,Federal,IN,United States Senator,"Andrew ""Andy"" Horning",Libertarian,"7851 Pleasant Hill Rd | Freedom, IN 47431"
IN00003,IN,Federal,IN,United States Senator,Richard E. Mourdock,Republican,"10880 Ridge Knoll Dr | Evansville, IN 47710"
IN00004,IN,Federal,IN,United States Senator,Amy J. Willis,Independent,"8311 Thorn Bend Dr | Indianapolis, IN 46278"
IN00029,IN,State,IN,Attorney General,Kay Fleming,Democratic,"4305 Manning Road | Indianapolis, IN 46228"
IN00030,IN,State,IN,Attorney General,Greg Zoeller,Republican,"3309 E 56th St | Indianapolis, IN 46220"
IN00031,IN,State,IN,Governor,John R. Gregg,Democratic,"20566 East Jericho Road | Sandborn, IN 47578"
IN00032,IN,State,IN,Governor,Rupert Boneham,Libertarian,"787 E 86th St | Indianapolis, IN 46240"
IN00033,IN,State,IN,Governor,Mike Pence,Republican,"12955 N German Rd | Columbus, IN 47203"
IN00034,IN,State,IN,Lieutenant Governor,Vi Simpson,Democratic,"4965 West Woodland Drive | Bloomington, IN 47404"
IN00035,IN,State,IN,Lieutenant Governor,Brad Klopfenstein,Libertarian,"5455 E 13th St | Indianapolis, IN 46219"
IN00036,IN,State,IN,Lieutenant Governor,Sue Ellspermann,Republican,"212 E 25th Street | Ferdinand, IN 47532"
IN00037,IN,State,IN,Superintendent of Public Instruction,Glenda Ritz,Democratic,"4303 Powderhorn Court | Carmel, IN 46033"
IN00038,IN,State,IN,Superintendent of Public Instruction,Tony Bennett,Republican,"6264 Newark Drive | Noblesville, IN 46062"
KS00313,KS,Other,KS,Supreme Court Justice,Nancy L. Moritz,Nonpartisan,(785) 260-3132 ,"301 SW 10th Ave  | Topeka, KS 66612 "
KS00314,KS,Other,KS,Court of Appeals Judge,Steve Leben,Nonpartisan,(913) 432-4975 ,"301 S.W. 10th, Room 267  | Topeka, KS 66612 "
KS00315,KS,Other,KS,Court of Appeals Judge,G. Joseph Pierron Jr.,Nonpartisan,(785) 856-8419 ,"1808 Castle Pines Court  | Lawrence, KS 66047 "
KS00316,KS,Other,KS,Court of Appeals Judge,David E. Bruns,Nonpartisan,(785) 233-4664 ,"301 S.W. 10th Ave., Room 278  | Topeka, KS 66612 "
KS00317,KS,Other,KS,Court of Appeals Judge,G. Gordon Atcheson,Nonpartisan,(913) 649-9835 ,"301 SW 10th Ave  | Topeka, KS 66612 "
KS00318,KS,Other,KS,Court of Appeals Judge,Karen Arnold-Burger,Nonpartisan,(913) 681-5861 ,"301 SW 10th Ave.  | Topeka, KS 66612 "
KS00319,KS,Other,KS,Court of Appeals Judge,Richard D. Greene,Nonpartisan,(316) 761-0308 ,"301 W. 10th  | Topeka, KS 66612 "
MD00001,MD,Federal,MD,U.S. Senator,Ben Cardin,Democratic,443-865-7290,P.O. Box 21093  | Baltimore MD 21228,info@bencardin.com
MD00002,MD,Federal,MD,U.S. Senator,Daniel John Bongino,Republican,410-924-4577,Bongino for Senate P.O. Box 827 | Severna Park MD 21146,campaign@bongino.com
MD00003,MD,Federal,MD,U.S. Senator,Lih Young,Democratic,P.O. Box 10286  | Rockville MD 20849,lyoung2k@yahoo.com
MD00004,MD,Federal,MD,U.S. Senator,Brandy Baker,Unaffiliated,410-419-5033,2508  Hamilton Avenue  | Baltimore MD 21214,brandybaker.net@gmail.com
MD00005,MD,Federal,MD,U.S. Senator,Ed Tinus,Unaffiliated,410-641-2919,P.O. Box 0062  | Whaleyville MD 21872,tincar@mchsi.com
MD00006,MD,Federal,MD,U.S. Senator,Bryant Alexander,Unaffiliated,101 West 23RD Street  | Baltimore MD 21218,bingoalexander@yahoo.com
MD00007,MD,Federal,MD,U.S. Senator,Dennis David,Unaffiliated,410-298-8860,2026  Russell Avenue  | Baltimore MD 21207,dennisdavid01@gmail.com
MD00008,MD,Federal,MD,U.S. Senator,S. Rob Sobhani,Unaffiliated,9812 Falls Road Suite 114-199 | Potomac MD 20859,ceccyrus@gmail.com
MD00009,MD,Federal,MD,U.S. Senator,Dean Ahmad,Libertarian,301-968-7169,4323  Rosedale Avenue  | Bethesda MD 20814
ME00001,ME,Federal,ME,U.S. Senate,Cynthia Ann Dill,Democratic,"1227 Shore Road | Cape Elizabeth, ME 04107"
ME00002,ME,Federal,ME,U.S. Senate,Stephen M. Woods,Independent,"64 Glen Road | Yarmouth, ME 04096"
ME00003,ME,Federal,ME,U.S. Senate,Andrew Ian Dodge,Independent for Liberty,"PO Box 98 | Harpswell, ME 04079"
ME00004,ME,Federal,ME,U.S. Senate,Angus King,Independent for Maine,"15 Potter Street | Brunswick, ME 04011"
ME00005,ME,Federal,ME,U.S. Senate,Danny Francis Dalton,Non-Party,"PMB 277 Mail IT 4U, 10 State Road, Suite 9 | Bath, ME 04530"
ME00006,ME,Federal,ME,U.S. Senate,"Charles E. Summers, Jr.",Republican,"85 Burnham Road | Scarborough, ME 04074"
MI00001,MI,Federal,MI,United States Senator 6 Year Term (1) Position,Pete Hoekstra,Republican,"1454 Cimmoran Dr | Holland, MI 49423"
MI00002,MI,Federal,MI,United States Senator 6 Year Term (1) Position,Debbie Stabenow,Democratic,"PO Box 4945 | East Lansing, MI 48826"
MI00003,MI,Federal,MI,United States Senator 6 Year Term (1) Position,Scotty Boman,Libertarian,"4877 Balfour Rd | Detroit, MI 48224"
MI00004,MI,Federal,MI,United States Senator 6 Year Term (1) Position,Richard A. Matkin,U.S. Taxpayers,"30 W Harry Ave | Hazel Park, MI 48030"
MI00005,MI,Federal,MI,United States Senator 6 Year Term (1) Position,Harley Mikkelson,Green,"3122 W Caro Rd | Caro, MI 48723"
MI00006,MI,Federal,MI,United States Senator 6 Year Term (1) Position,John D. Litle,Natural Law Party,"2763 Arrowwood Trl | Ann Arbor, MI 48105"
MI00315,MI,State,MI,Member Of The State Board Of Education 8 Year Terms (2) Positions,Todd A. Courser,Republican,"3110 Murphy Lake Rd | Silverwood, MI 48760"
MI00316,MI,State,MI,Member Of The State Board Of Education 8 Year Terms (2) Positions,Melanie A. Kurdys,Republican,"2267 Preserve Blvd | Portage, MI 49024"
MI00317,MI,State,MI,Member Of The State Board Of Education 8 Year Terms (2) Positions,Michelle Fecteau,Democratic,"15885 Rosemont | Detroit, MI 48223"
MI00318,MI,State,MI,Member Of The State Board Of Education 8 Year Terms (2) Positions,Lupe Ramos-Montigny,Democratic,"977 Waltham Ave SE | Grand Rapids, MI 49546"
MI00319,MI,State,MI,Member Of The State Board Of Education 8 Year Terms (2) Positions,Andy LeCureaux,Libertarian,"PO Box 1033 | Hazel Park, MI 48030"
MI00320,MI,State,MI,Member Of The State Board Of Education 8 Year Terms (2) Positions,Karen Adams,U.S. Taxpayers,"6274 Tischer Rd | Lake Odessa, MI 48849"
MI00321,MI,State,MI,Member Of The State Board Of Education 8 Year Terms (2) Positions,Gail M. Graeser,U.S. Taxpayers,"990 W 48th St | Fremont, MI 49412"
MI00322,MI,State,MI,Member Of The State Board Of Education 8 Year Terms (2) Positions,Candace R. Caveny,Green,"PO Box 1043 | Lapeer, MI 48446"
MI00323,MI,State,MI,Member Of The State Board Of Education 8 Year Terms (2) Positions,Dwain Reynolds III,Green,"725 Perch Cove Ct | Middleville, MI 49333"
MI00324,MI,State,MI,Member Of The University Of Michigan Board Of Regents 8 Year Terms (2) Positions,Dan Horning,Republican,"17 Howard St | Grand Haven, MI 49417"
MI00325,MI,State,MI,Member Of The University Of Michigan Board Of Regents 8 Year Terms (2) Positions,Robert Steele,Republican,"1865 Superior Rd | Ypsilanti, MI 48198"
MI00326,MI,State,MI,Member Of The University Of Michigan Board Of Regents 8 Year Terms (2) Positions,Mark Bernstein,Democratic,"2002 Scottwood Ave | Ann Arbor, MI 48104"
MI00327,MI,State,MI,Member Of The University Of Michigan Board Of Regents 8 Year Terms (2) Positions,Shauna Ryder Diggs,Democratic,"465 Washington Rd | Grosse Pointe, MI 48230"
MI00328,MI,State,MI,Member Of The University Of Michigan Board Of Regents 8 Year Terms (2) Positions,James Lewis Hudler,Libertarian,"17165 Fahrner Rd | Chelsea, MI 48118"
MI00329,MI,State,MI,Member Of The University Of Michigan Board Of Regents 8 Year Terms (2) Positions,Gregory Scott Stempfle,Libertarian,"1726 Pearson | Ferndale, MI 48220"
MI00330,MI,State,MI,Member Of The University Of Michigan Board Of Regents 8 Year Terms (2) Positions,Joe Sanger,U.S. Taxpayers,"4119 Thackin Dr | Lansing, MI 48911"
MI00331,MI,State,MI,Member Of The University Of Michigan Board Of Regents 8 Year Terms (2) Positions,Gerald T. Van Sickle,U.S. Taxpayers,"PO Box 38 | Wellston, MI 49689"
MI00332,MI,State,MI,Member Of The University Of Michigan Board Of Regents 8 Year Terms (2) Positions,Eric Borregard,Green,"7544 Lake Hollow Ct | Dexter, MI 48130"
MI00333,MI,State,MI,Member Of The University Of Michigan Board Of Regents 8 Year Terms (2) Positions,Nikki Mattson,Natural Law Party,"3645 Partridge Path Apt 1 | Ann Arbor, MI 48108"
MI00334,MI,State,MI,Member Of The Michigan State University Board Of Trustees 8 Year Terms (2) Positions,Melanie Foster,Republican,"2561 Meadow Woods Dr | East Lansing, MI 48823"
MI00335,MI,State,MI,Member Of The Michigan State University Board Of Trustees 8 Year Terms (2) Positions,Jeff Sakwa,Republican,"3465 Hidden Oaks Ln | West Bloomfield, MI 48324"
MI00336,MI,State,MI,Member Of The Michigan State University Board Of Trustees 8 Year Terms (2) Positions,Joel Ferguson,Democratic,"1341 Cambridge | Lansing, MI 48911"
MI00337,MI,State,MI,Member Of The Michigan State University Board Of Trustees 8 Year Terms (2) Positions,Brian Mosallam,Democratic,"35 Turnberry Ln | Dearborn, MI 48120"
MI00338,MI,State,MI,Member Of The Michigan State University Board Of Trustees 8 Year Terms (2) Positions,Michael H. Miller,Libertarian,"6070 Carriage Hill Dr | East Lansing, MI 48823"
MI00339,MI,State,MI,Member Of The Michigan State University Board Of Trustees 8 Year Terms (2) Positions,Bill Mohr II,U.S. Taxpayers,"1665 20 Mile Rd | Kent City, MI 49330"
MI00340,MI,State,MI,Member Of The Michigan State University Board Of Trustees 8 Year Terms (2) Positions,Stephen J. Young,U.S. Taxpayers,"3101 134th St | Hopkins, MI 49328"
MI00341,MI,State,MI,Member Of The Michigan State University Board Of Trustees 8 Year Terms (2) Positions,Lloyd Clarke,Green,"5770 McGrandy Rd | Bridgeport, MI 48722"
MI00342,MI,State,MI,Member Of The Wayne State University Board Of Governors 8 Year Terms (2) Positions,Michael J. Busuito,Republican,"2556 Amherst Rd | Troy, MI 48098"
MI00343,MI,State,MI,Member Of The Wayne State University Board Of Governors 8 Year Terms (2) Positions,Satish B. Jasti,Republican,"2995 Saddlewood Rd | West Bloomfield, MI 48324"
MI00344,MI,State,MI,Member Of The Wayne State University Board Of Governors 8 Year Terms (2) Positions,Sandra Hughes O'Brien,Democratic,"16916 Abby Cir | Northville, MI 48167"
MI00345,MI,State,MI,Member Of The Wayne State University Board Of Governors 8 Year Terms (2) Positions,Kim Trent,Democratic,"2230 Hyde Park Rd | Detroit, MI 48207"
MI00346,MI,State,MI,Member Of The Wayne State University Board Of Governors 8 Year Terms (2) Positions,Robert Gale,U.S. Taxpayers,"PO Box 1313 | Sterling Heights, MI 48311"
MI00347,MI,State,MI,Member Of The Wayne State University Board Of Governors 8 Year Terms (2) Positions,Marc J. Sosnowski,U.S. Taxpayers,"8488 Kinloch St | Dearborn Heights, MI 48127"
MI00348,MI,State,MI,Member Of The Wayne State University Board Of Governors 8 Year Terms (2) Positions,Margaret Guttshall,Green,"4190 Kensington | Detroit, MI 48224"
MI00349,MI,State,MI,Member Of The Wayne State University Board Of Governors 8 Year Terms (2) Positions,Latham Redding,Green,"3520 Kensington | Detroit, MI 48224"
MI00350,MI,State,MI,Justice Of The Supreme Court 8 Year Terms (2) Positions,Doug Dern,Nonpartisan,"4300 N Milford Rd | Highland, MI 48357"
MI00351,MI,State,MI,Justice Of The Supreme Court 8 Year Terms (2) Positions,Connie Marie Kelley,Nonpartisan,"14900 Fox | Redford, MI 48239"
MI00352,MI,State,MI,Justice Of The Supreme Court 8 Year Terms (2) Positions,Stephen Markman,Nonpartisan
MI00353,MI,State,MI,Justice Of The Supreme Court 8 Year Terms (2) Positions,Bridget Mary McCormack,Nonpartisan,"1982 High Hollow Dr | Ann Arbor, MI 48103"
MI00354,MI,State,MI,Justice Of The Supreme Court 8 Year Terms (2) Positions,Kerry L. Morgan,Nonpartisan,"20601 Sumner | Redford, MI 48240"
MI00355,MI,State,MI,Justice Of The Supreme Court 8 Year Terms (2) Positions,Colleen O'Brien,Nonpartisan,"1139 Chaffer Dr | Rochester, MI 48306"
MI00356,MI,State,MI,Justice Of The Supreme Court 8 Year Terms (2) Positions,Bob Roddis,Nonpartisan,"424 Madison | Grosse Pointe Farms, MI 48236"
MI00357,MI,State,MI,Justice Of The Supreme Court Incumbent,Mindy Barry,Nonpartisan,"1124 Berkshire Rd | Grosse Pointe Park, MI 48230"
MI00358,MI,State,MI,Justice Of The Supreme Court Incumbent,Shelia Johnson,Nonpartisan,"29222 W Chanticleer Dr | Southfield, MI 48034"
MI00359,MI,State,MI,Justice Of The Supreme Court Incumbent,Brian Zahra,Nonpartisan
MO00001,MO,Federal,MO,U. S. Senator,Claire McCaskill,Democratic
MO00002,MO,Federal,MO,U. S. Senator,Todd Akin,Republican
MO00003,MO,Federal,MO,U. S. Senator,Jonathan Dine,Libertarian
MO00004,MO,State,MO,Governor,Jeremiah W. (Jay) Nixon,Democratic
MO00005,MO,State,MO,Governor,David (Dave) Spence,Republican
MO00006,MO,State,MO,Governor,Jim Higgins,Libertarian
MO00007,MO,State,MO,Lt. Governor,Susan Montee,Democratic
MO00008,MO,State,MO,Lt. Governor,Peter Kinder,Republican
MO00009,MO,State,MO,Lt. Governor,Matthew Copple,Libertarian
MO00010,MO,State,MO,Lt. Governor,Cynthia L. Davis,Constitution
MO00011,MO,State,MO,Secretary of State,Jason Kander,Democratic
MO00012,MO,State,MO,Secretary of State,Shane Schoeller,Republican
MO00013,MO,State,MO,Secretary of State,Cisse W. Spragins,Libertarian
MO00014,MO,State,MO,Secretary of State,Justin Harter,Constitution
MO00015,MO,State,MO,Treasurer,Clint Zweifel,Democratic
MO00016,MO,State,MO,Treasurer,Cole McNary,Republican
MO00017,MO,State,MO,Treasurer,Sean O'Toole,Libertarian
MO00018,MO,State,MO,Attorney General,Chris Koster,Democratic
MO00019,MO,State,MO,Attorney General,Ed Martin,Republican
MO00020,MO,State,MO,Attorney General,Dave Browning,Libertarian
MS00001,MS,Federal,MS,U.S. Senate,"Albert N. Gore, Jr. ",Democratic
MS00002,MS,Federal,MS,U.S. Senate,Roger Wicker,Republican
MS00003,MS,Federal,MS,U.S. Senate,Thomas Cramer,Constitution
MS00004,MS,Federal,MS,U.S. Senate,Shawn O'Hara,Reform
MT00001,MT,Federal,MT,US House,David Kaiser,Libertarian,406-552-2012,"PO Box 669 | Victor, MT 59875",Vote4you.us,Davekaiser@vote4you.us
MT00002,MT,Federal,MT,US House,Steve Daines,Republican,406-600-1153,"PO Box 1598 | Helena, MT 59624",Stevedaines.com,Steve@stevedaines.com
MT00003,MT,Federal,MT,US House,Kim Gillan,Democratic,"PO Box 1978 | Billings, MT 59103",Gillanforcongress.com,Kim@gillanforcongress.com
MT00004,MT,Federal,MT,US Senate,Dan Cox,Libertarian,406-369-5524,"465 Old Corvallis Road | Hamilton, MT 59840",Ivotelibertarian.com,Freedom@ivotelibertarian.com
MT00005,MT,Federal,MT,US Senate,Denny Rehberg,Republican,"PO Box 1597 | Helena, MT 59624",DennyRehberg.com,Denny@dennyrehberg.com
MT00006,MT,Federal,MT,US Senate,Jon Tester,Democratic,"PO Box 3171 | Billings, MT 59103",Jontester.com,Rjt@jontester.com
MT00286,MT,State,MT,Attorney General,Tim Fox,Republican,406-442-2004,"PO Box 1598 | Helena, MT 59624",Foxforag.com,Info@foxforag.com
MT00287,MT,State,MT,Attorney General,Pam Bucy,Democratic,406-465-8570,"808 8th Avenue | Helena, MT 59601",Pambucy.com,Pam@pambucy.com
MT00288,MT,State,MT,Clerk of the Supreme Court,Ed Smith,Democratic,406-442-9691,"630 Floweree Street | Helena, MT 59601",Edsmithformontana.com,Edsmithsupremecourtclerk@gmail.com
MT00289,MT,State,MT,Clerk of the Supreme Court,Mike Fellows,Libertarian,406-721-9020,"Box 4803 | Missoula, MT 59806",Votefellows@aol.com
MT00290,MT,State,MT,Governor & Lt. Governor,Rick Hill & Jon Sonju,Republican,406-227-8899,"PO Box 1585 | Helena, MT 59624",Rickhillforgovernor.com,Rick@rickhillforgovernor.com
MT00291,MT,State,MT,Governor & Lt. Governor,Ron Vandevender & Marc Mulcahy,Libertarian,406-422-3474,"3723 Eagle Canyon Road | Cascade, MT 59421",Ronformontana.com,Ron@ronformontana.com
MT00292,MT,State,MT,Governor & Lt. Governor,Steve Bullock & John Walsh,Democratic,406-465-6969,"PO Box 1330 | Helena, MT 59624",Stevebullock.com,Staff@stevebullock.com
MT00293,MT,State,MT,Public Service Commissioner #2,Kirk Bushman,Republican,406-256-8496,"PO Box 80272 | Billings, MT 59108",Kirkbushman.com,Kirk@kirkbushman.com
MT00294,MT,State,MT,Public Service Commissioner #2,Chuck Tooley,Democratic,406-651-0273,"PO Box 555 | Billings, MT 59103",Tooleyforpsc.org,Chuck@chucktooley.com
MT00295,MT,State,MT,Public Service Commissioner #3,Roger Koopman,Republican,406-587-7555,"811 South Tracy Avenue | Bozeman, MT 59715",Koopman@imt.net
MT00296,MT,State,MT,Public Service Commissioner #3,John Vincent,Democratic,406-763-3010,"680 Low Bench Road | Gallatin Gateway, MT 59730",Jcvpsc@gmail.com
MT00297,MT,State,MT,Public Service Commissioner #4,Gail Gutsche,Democratic,406-360-9932,"1530 Cooper Street | Missoula, MT 59802",Gutsche@wildrockies.org
MT00298,MT,State,MT,Public Service Commissioner #4,Bob Lake,Republican,406-363-4091,"PO Box 2096 | Hamilton, MT 59840",Boblake.net,Lakemill@montana.com
MT00299,MT,State,MT,Secretary of State,Roger Roots,Libertarian,406-224-1135,"113 Lake Drive East | Livingston, MT 59047",Rogerroots@msn.com
MT00300,MT,State,MT,Secretary of State,Brad Johnson,Republican,406-422-5933,"3724B Old Highway 12 East | East Helena, MT 59635",Brad@friendsofbrad.com,Friendsofbrad.com
MT00301,MT,State,MT,Secretary of State,Linda McCulloch,Democratic,406-449-7884,"PO Box 352 | Helena, MT 59624",McCullochformontana.com,Info@mccullochformontana.com
MT00302,MT,State,MT,State Auditor,Derek Skees,Republican,406-212-5493,"PO Box 9134 | Kalispell, MT 59904",Derekskees.com,Derekskees@gmail.com
MT00303,MT,State,MT,State Auditor,Monica J. Lindeen,Democratic,406-698-4251,"PO Box 1307 | Helena, MT 59624",Lindeen.net,Monica@lindeen.net
MT00304,MT,State,MT,Superintendent of Public Instruction,Sandy Welch,Republican,406-823-0564,"PO Box 1596 | Helena, MT 59624",Welchformontana.com,Sandy@welchformontana.com
MT00305,MT,State,MT,Superintendent of Public Instruction,Denise Juneau,Democratic,"PO Box 223 | Helena, MT 59624",Denisejuneau.com,Denise@denisejuneau.com
MT00306,MT,State,MT,Supreme Court Justice #5,Ed Sheehy,Non-Partisan,406-240-0876,"6585 Linda Vista | Missoula, MT 59803",Sheehyforjustice.com,Esheehy1@msu.com
MT00307,MT,State,MT,Supreme Court Justice #5,Laurie McKinnon,Non-Partisan,406-424-8360,"Box 774 | Choteau, MT 59422",Mckinnon4justice.com,Mckinnonjustice@3rivers.net
MT00308,MT,State,MT,Supreme Court Justice #6,Brian Morris,Non-Partisan,406-422-3053,"907 State Street | Helena, MT 59601",Bm_morris@yahoo.com
NC00030,NC,State,NC,NC Governor,Walter H. Dalton,Democratic
NC00033,NC,State,NC,NC Lieutenant Governor,Linda D. Coleman,Democratic
NC00035,NC,State,NC,NC Attorney General,Roy Cooper,Democratic
NC00036,NC,State,NC,NC Auditor,Beth A. Wood,Democratic
NC00038,NC,State,NC,NC Commissioner Of Agriculture,Walter Smith,Democratic
NC00040,NC,State,NC,NC Commissioner Of InsuraNCe,Wayne Goodwin,Democratic
NC00042,NC,State,NC,NC Commissioner Of Labor,John C. Brooks,Democratic
NC00044,NC,State,NC,NC Secretary Of State,Elaine Marshall,Democratic
NC00046,NC,State,NC,NC Superintendent Of Public Instruction,June Atkinson,Democratic
NC00048,NC,State,NC,NC Treasurer,Janet Cowell,Democratic
NC00032,NC,State,NC,NC Governor,Barbara Howe,Libertarian
NC00338,NC,Other,NC,Supreme Court Associate Justice (Newby),Sam J. Ervin IV,Non-Partisan
NC00339,NC,Other,NC,Supreme Court Associate Justice (Newby),Paul Martin Newby,Non-Partisan
NC00340,NC,Other,NC,Court Of Appeals Judge (Mcgee),Linda McGee,Non-Partisan
NC00341,NC,Other,NC,Court Of Appeals Judge (Mcgee),David S. Robinson,Non-Partisan
NC00342,NC,Other,NC,Court Of Appeals Judge (Bryant),Wanda Bryant,Non-Partisan
NC00343,NC,Other,NC,Court Of Appeals Judge (Bryant),Marty McGee,Non-Partisan
NC00344,NC,Other,NC,Court Of Appeals Judge (Thigpen),Chris Dillon,Non-Partisan
NC00345,NC,Other,NC,Court Of Appeals Judge (Thigpen),Cressie Thigpen,Non-Partisan
NC00031,NC,State,NC,NC Governor,Pat McCrory,Republican
NC00034,NC,State,NC,NC Lieutenant Governor,Dan Forest,Republican
NC00037,NC,State,NC,NC Auditor,Debra Goldman,Republican
NC00039,NC,State,NC,NC Commissioner Of Agriculture,Steve Troxler,Republican
NC00041,NC,State,NC,NC Commissioner Of InsuraNCe,Mike Causey,Republican
NC00043,NC,State,NC,NC Commissioner Of Labor,Cherie Berry,Republican
NC00045,NC,State,NC,NC Secretary Of State,Ed Goodwin,Republican
NC00047,NC,State,NC,NC Superintendent Of Public Instruction,John Tedesco,Republican
NC00049,NC,State,NC,NC Treasurer,Steve Royal,Republican
ND00001,ND,Federal,ND,United States Senator,Rick Berg,Republican,(701) 364-2374,"6437 N 13th Street | Fargo, ND 58102",www.bergfornorthdakota.com
ND00002,ND,Federal,ND,United States Senator,Heidi Heitkamp,Democratic-NPL,(701) 751-2629,"21 Captain Leach Drive | Mandan, ND 58554",www.HeidiforNorthDakota.com,Heidi@heidifornorthdakota.com
ND00003,ND,Federal,ND,Representative in Congress,Kevin Cramer,Republican,(701) 220-6368,"4256 High Creek Road | Bismarck, ND 58503",www.kevincramer.org,kevin@kevincramer.org
ND00004,ND,Federal,ND,Representative in Congress,Pam Gulleson,Democratic-NPL,(701) 724-3657,"220 Gay Street | Rutland, ND 58067",www.pamgulleson.com,pgulleson@gmail.com
ND00005,ND,Federal,ND,Representative in Congress,Eric Olson,Libertarian,(218) 979-7125,"4242 9th Avenue Circle SW #12 | Fargo, ND 58103",www.ericolson2012.com,eric@ericolson2012.com
ND00143,ND,State,ND,Governor and Lt. Governor,Jack Dalrymple & Drew Wrigley,Republican,(701) 250-7001,"PO Box 952 | Bismarck, ND 58502",www.dalrympleforgovernor.com,jack@dalrympleforgovernor.com
ND00144,ND,State,ND,Governor and Lt. Governor,Ryan M Taylor & Ellen Chaffee,Democratic-NPL,(701) 537-5660,"5435 13th Avenue NE | Towner, ND 58788",www.taylorfornd.com,ryan@taylorfornd.com
ND00145,ND,State,ND,State Auditor,Robert R (Bob) Peterson,Republican,(701) 258-9171,"10744 Chokecherry Drive | Bismarck, ND 58503"
ND00146,ND,State,ND,State Auditor,Scot Kelsh,Democratic-NPL,(701) 297-6623,"1502 6th Street S | Fargo, ND 58103",scotkelsh@gmail.com
ND00147,ND,State,ND,State Treasurer,Kelly Schmidt,Republican,(701) 471-1346,"908 21st Street SE | Mandan, ND 58554",kellyschmidt.com,kellyschmidtnd@gmail.com
ND00148,ND,State,ND,State Treasurer,Ross Mushik,Democratic-NPL,(701) 663-9029,"508 15th Street | Mandan, ND 58554",rossm@bis.midco.net
ND00149,ND,State,ND,Insurance Commissioner,Adam Hamm,Republican,(701) 751-1029,"501 Aspen Avenue | Bismarck, ND 58503",www.adamhamm.com,adamwadehamm@gmail.com
ND00150,ND,State,ND,Insurance Commissioner,Tom Potter,Democratic-NPL,(701) 330-0058,"2542 Augusta Drive | Grand Forks, ND 58201",tompotter1949@gmail.com
ND00151,ND,State,ND,Public Service Commissioner,Randy Christmann,Republican,(701) 748-5420,"401 3rd Avenue NE | Hazen, ND 58545",www.randychristmann.com,randyc@westriv.com
ND00152,ND,State,ND,Public Service Commissioner,Brad Crabtree,Democratic-NPL,(701) 647-2041,"9195 70th Avene SE | Ashley, ND 58413",www.crabtreeforpsc.com,campaign@crabtreeforpsc.com
ND00153,ND,State,ND,Public Service Commissioner,Joshua Voytek,Libertarian,(701) 330-6684,"3251 30th Avenue S | Fargo, ND 58103",joshua_voytek@hotmail.com
ND00154,ND,State,ND,Superintendent of Public Instruction,Kirsten Baesler,Nonpartisan,(701) 527-4664,"1809 12th Avenue SE | Mandan, ND 58554",www.kirstenbaesler.com,baesler.kirsten@gmail.com
ND00155,ND,State,ND,Superintendent of Public Instruction,Tracy Potter,Nonpartisan,(701) 222-2564,"1320 North 2nd Street | Bismarck, ND 58501",tracyapotter@bis.midco.net
ND00156,ND,State,ND,Justice of the Supreme Court,Daniel J Crothers,Nonpartisan,(701) 328-4205,"PO Box 3004 | Bismarck, ND 58502"
NE00001,NE,Federal,NE,United States Senator,Deb Fischer,Republican,402-376-2744,"717 North Wood, PO Box 54, Valentine, NE  69201"
NE00002,NE,Federal,NE,United States Senator,Bob Kerrey,Democratic,402-916-5823,"
2009 Mullen Rd, Omaha, NE  68124"
NE00073,NE,State,NE,Central Community College At Large for Board of Governors,Sam Cowan,Non-partisan,402-264-2071,"309 East 10th, Box 266, Stromsburg, NE  68666"
NE00090,NE,State,NE,Mid Plains Community College At Large for Board of Governors,Ted A. Klug Jr.,Non-partisan,308-582-4525,"8216 S Old Military Rd, Maxwell, NE  69151"
NE00096,NE,State,NE,Northeast Community College At Large for Board of Governors,John W. Davies,Non-partisan,402-396-3228,"200 West Oak St, Pilger, NE  68768"
NE00102,NE,State,NE,Southeast Community College At Large for Board of Governors,Jim Garver,Non-partisan,402-435-0400,"815 Elmwood Ave, Lincoln, NE  68510"
NE00103,NE,State,NE,Southeast Community College At Large for Board of Governors,Steven Ottmann,Non-partisan,402-946-4821,"1146 Co Rd F, Dorchester, NE  68343"
NE00110,NE,State,NE,Western Community College At Large for Board of Governors,Tom Perkins,Non-partisan,308-632-5549,"1010 East 35th St, Scottsbluff, NE  69361"
NJ00025,NJ,Federal,NJ,U.S. Senate,Bob Menedez,Democratic,TRUE
NJ00026,NJ,Federal,NJ,U.S. Senate,Joe Kyrillos,Republican,FALSE
NJ00027,NJ,Federal,NJ,U.S. Senate,Jeff Boss,Independent,FALSE
NM00174,NM,Federal,NM,U.S. Senate,Martin T. Heinrich,Democratic,505.242.4416,"P.O. Box 25763, Alb., NM 87125",info@martinheinrich.com
NM00175,NM,Federal,NM,U.S. Senate,Heather A. Wilson,Republican,505.899.2009,"9220 Guadalupe Trail NW, Alb., NM 87114",info@heatherwilson.com
NM00316,NM,County,NM,Judge Of The Court Of Appeals,J. Miles Hanisee,Democratic
NV00001,NV,Federal,NV,U.S. Senate,Shelley Berkley,Democrat,FALSE
NV00002,NV,Federal,NV,U.S. Senate,Dean Heller,Republican,TRUE
NV00003,NV,Federal,NV,U.S. Senate,David Lory VanderBeek,Independent American Party of Nevada,FALSE
NY00001,NY,Federal,NY,U.S. Senate,Colia Clark,Green
NY00002,NY,Federal,NY,U.S. Senate,Kirsten Gillibrand,Democratic
NY00003,NY,Federal,NY,U.S. Senate,Kirsten Gillibrand,Working Families
NY00004,NY,Federal,NY,U.S. Senate,Kirsten Gillibrand,Independence
NY00005,NY,Federal,NY,U.S. Senate,Wendy Long,Conservative
NY00006,NY,Federal,NY,U.S. Senate,Wendy Long,Republican
OH01089,OH,Federal,OH,U.S. Senate,Josh Mandel,Republican,TRUE,614-754-7304,http://jobs.joshmandel.com/index.php,joshmandel@joshmandel.com ,https://www.facebook.com/JoshMandel,JoshMandelOhio,Josh_Mandel
OH01090,OH,Federal,OH,U.S. Senate,Sherrod Brown,Democratic,TRUE,800-587-4180,http://www.sherrodbrown.com/petition/w1112cu/,sherrod.brown@elections.facebook.com,https://www.facebook.com/sherrod,SherrodBrown,Sherrod_Brown
OH01091,OH,Federal,OH,U.S. Senate,Joseph DeMare,Green,TRUE,919-259-3507,www.demare4senate.com,demare4senate@gmail.com,https://www.facebook.com/DeMare4Senate,demare4senate
OH01092,OH,Federal,OH,U.S. Senate,John Fockler,Libertarian,TRUE,330-559-0097,writeinjohn.fockler@gmail.com,https://www.facebook.com/pages/Write-in-John-Fockler-for-US-Senate-in-the-Ohio-Libertarian-Primary/277477685645801
OK00019,OK,State,OK,Corporation Commissioner (Full Term),Bob Anthony,Republican,"PO Box 54598 | Oklahoma City, 73154"
OK00020,OK,State,OK,Corporation Commissioner (Short Term),Patrice Douglas,Republican,"PO Box 6271 | Edmond, 73083"
OR00016,OR,State,OR,Secretary of State,Bruce Alexander Knight,Libertarian,503-546-1787,"3553 SE 42nd Ave | Portland, OR 97206",www.lporegon.org,b.a.knight@gmail.com
OR00017,OR,State,OR,Secretary of State,Kate Brown,Democrat,"2236 SE 10th Ave | Portland, OR 97214",kate@katebrownfororegon.com
OR00018,OR,State,OR,Secretary of State,Knute Buehler,Republican,"1863 Pioneer Pkwy E Ste 610 | Springfield, OR 97477",www.buehler2012.com,info@buehler2012.com
OR00019,OR,State,OR,State Treasurer,Michael Paul Marsh,Constitution,"2034 Myrtle Ave NE | Salem, OR 97301",michaelmarsh48@gmail.com
OR00020,OR,State,OR,State Treasurer,Ted Wheeler,Democrat,503-378-4329,"PO Box 1812 | Portland, OR 97207",www.tedwheeler.com,ted@tedwheeler.com
OR00022,OR,State,OR,Attorney General,Ellen Rosenblum,Democrat,503-597-8495,"2236 SE 10th Ave | Portland, OR 97214",EllenRosenblum.com,"Ellen,Rosenblum@gmail.com"
OR00023,OR,State,OR,Attorney General,James E Leuenberger,"Libertarian, Constitution",503-542-7433,"PO Box 1684 | Lake Oswego, OR 97035",www.fights4rights.com,jim@fights4rights.com
OR00191,OR,State,OR,Commissioner of the Bureau of Labor and Industries,Brad Avakian,Nonpartisan,971-673-0781,"2236 SE 10th Ave | Portland, OR 97214",www.bradavakian.com,brad@bradavakian.com
OR00192,OR,State,OR,Commissioner of the Bureau of Labor and Industries,Bruce Starr,Nonpartisan,503-310-7500,"22115 NW Imbrie Dr #290 | Hillsboro, OR 97124",www.brucestarr.org,bruce@brucestarr.org
OR00193,OR,State,OR,Judge of the Supreme Court Pos 3,Nena Cook,Nonpartisan,503-243-1626,"1000 SW Broadway, Suite 1400 | Portland, OR 97205",www.nenacook.com,nena@sussmanshank.com
OR00194,OR,State,OR,Judge of the Supreme Court Pos 3,Richard C Baldwin,Nonpartisan,503-988-3052,"1021 SW 4th Avenue | Portland, OR 97204",Richard.C.Baldwin@ojd.state.or.us
OR00195,OR,State,OR,Judge of the Court of Appeals Pos 6,James C Egan,Nonpartisan,541-967-3865,"422 SW 5th Ave | Albany, OR 97321",james.c.egan@ojd.state.or.us
OR00196,OR,State,OR,Judge of the Court of Appeals Pos 6,Tim Volpert,Nonpartisan,503-241-2300,"3214 NE U.S. Grant Place | Portland, OR 97212",timvolpert@dwt.com
PA00001,PA,State,PA,Attorney General,Kathleen Kane,Democratic,TRUE,FALSE,(570) 580-0860,"P.O. Box 60230 | Philadelphia, PA 19102",http://www.kathleengkane.com/,info@kathleengkane.com,http://www.facebook.com/Kane.for.AG,KathleenGKane,Kathleen_Kane_(politician),http://www.youtube.com/kathleengkane
PA00002,PA,State,PA,Attorney General,David Freed,Republican,TRUE,FALSE,717-230-1514,"PO Box 1105 | Harrisburg, PA 17108",http://davidfreedforag.com/,info@DavidFreedforAG.com,https://www.facebook.com/FriendsofDaveFreed,davidfreedforag,David_Freed
PA00003,PA,State,PA,Auditor General,Eugene Depasquale,Democratic,TRUE,FALSE,"PO Box 1822 | York, PA 17405",http://www.eugene4pa.com/home.html,http://www.facebook.com/DePasqualePA,DePasqualePA,Eugene_DePasquale,http://www.youtube.com/user/EugeneDePasquale
PA00004,PA,State,PA,Auditor General,John Maher,Republican,TRUE,FALSE,412-407-7879,"PO Box 62203 | Pittsburgh, PA 15241",http://cpaforpa.com/,http://www.facebook.com/CPA4PA,CPA4PA,John_A._Maher
PA00388,PA,State,PA,State Treasurer,Diana Irey Vaughan,Republican,TRUE,FALSE,"Post Office Box 15317 | McMurray, PA 15317",http://friendswithdiana.com/,http://www.facebook.com/DianaIreyVaughan,dianairey
PA00390,PA,Federal,PA,United States Senator,Tom Smith,Republican,TRUE,FALSE,(412) 265-4632,"333 Allegheny Ave Suite 202 W | Oakmont, PA 15139",http://tomsmithforsenate.com/,info@tomsmithforsenate.com,http://www.facebook.com/TomSmithForSenate,tomsmithforpa,Tom_Smith_(Pennsylvania)
PA00387,PA,State,PA,State Treasurer,Robert Mccord,Democratic,TRUE,TRUE,http://www.robmccord.com/,Robert_McCord
PA00389,PA,Federal,PA,United States Senator,Bob Casey Jr,Democratic,TRUE,TRUE,http://bobcasey.com/,"Bob_Casey,_Jr."
RI00001,RI,Federal,RI,Senator In Congress,Benjamin Barrett Hinckley III,Republican,"16 GIBBS AVE | NEWPORT, RI 02840"
RI00002,RI,Federal,RI,Senator In Congress,Sheldon Whitehouse,Democratic,"175 CARROLL AVE | NEWPORT, RI 02840"
SD00001,SD,Federal,SD,United States Representative,Kristi Noem,Republican,"18575 US Hwy 81 | Castlewood, SD 57223"
SD00002,SD,Federal,SD,United States Representative,Matt Varilek,Democratic,"2108 S Center Ave | Sioux Falls, SD 57101"
SD00003,SD,State,SD,Public Utilities Commissioner,Russell Clarke,Libertarian,"831 North Duluth Avenue | Sioux Falls, SD 57104"
SD00004,SD,State,SD,Public Utilities Commissioner,Kristie Fiegen,Republican,"6832 Westminster Dr | Sioux Falls, SD 57106"
SD00005,SD,State,SD,Public Utilities Commissioner,Matt McGovern,Democratic,"4902 S. Oxbox Ave Apt 311 | Sioux Falls, SD 57106"
SD00006,SD,State,SD,Public Utilities Commissioner,Chris Nelson,Republican,"2104 Flag Mountain Drive | Pierre, SD 57501"
SD00007,SD,State,SD,Public Utilities Commissioner,Nick Nemec,Democratic,"19757 327th Ave Box 5C | Holabird, SD 57540"
TN00001,TN,Federal,TN,United States Senate,Bob Corker,Republican
TN00002,TN,Federal,TN,United States Senate,Mark E. Clayton,Democratic
TN00003,TN,Federal,TN,United States Senate,Shaun E. Crowell,Independent
TN00004,TN,Federal,TN,United States Senate,David Gatchell,Independent
TN00005,TN,Federal,TN,United States Senate,James Higdon,Independent
TN00006,TN,Federal,TN,United States Senate,Michel Joseph Long,Independent
TN00007,TN,Federal,TN,United States Senate,Troy Stephen Scoggin,Independent
TX00001,TX,Federal,TX,U. S. Senator,David B.? Collins,Green
TX00002,TX,Federal,TX,U. S. Senator,John Jay? Myers,Libertarian
TX00003,TX,Federal,TX,U. S. Senator,Paul Sadler,Democratic
TX00004,TX,Federal,TX,U. S. Senator,Ted Cruz,Republican
TX00120,TX,State,TX,Railroad Commissioner,Chris? Kennedy,Green
TX00121,TX,State,TX,Railroad Commissioner,Christi Craddick,Republican
TX00122,TX,State,TX,Railroad Commissioner,Dale Henry,Democratic
TX00123,TX,State,TX,Railroad Commissioner,Vivekananda (Vik)? Wall,Libertarian
TX00124,TX,State,TX,Railroad? Commissioner,Barry Smitherman,Republican
TX00125,TX,State,TX,Railroad? Commissioner,Jaime O.? Perez,Libertarian
TX00126,TX,State,TX,Railroad? Commissioner,Josh? Wendel,Green
TX00127,TX,State,TX,Justice,Don Willett,Republican
TX00128,TX,State,TX,Justice,RS Roberto? Koelsch,Libertarian
TX00129,TX,State,TX,Justice,Charles E.? Waterbury,Green
TX00130,TX,State,TX,Justice,John Devine,Republican
TX00131,TX,State,TX,Justice,Tom? Oxford,Libertarian
TX00132,TX,State,TX,Justice,Jim? Chisholm,Green
TX00133,TX,State,TX,Justice,Mark? Ash,Libertarian
TX00134,TX,State,TX,Justice,Michele Petty,Democratic
TX00135,TX,State,TX,Justice,Nathan Hecht,Republican
TX00136,TX,State,TX,Presiding Judge,Keith Hampton,Democratic
TX00137,TX,State,TX,Presiding Judge,Lance? Stott,Libertarian
TX00138,TX,State,TX,Presiding Judge,Sharon? Keller,Republican
TX00139,TX,State,TX,Judge,Barbara Parker Hervey,Republican
TX00140,TX,State,TX,Judge,Mark W.? Bennett,Libertarian
TX00141,TX,State,TX,Judge,Elsa Alcala,Republican
TX00142,TX,State,TX,Judge,"William Bryan? Strange, III",Libertarian
UT00001,UT,Federal,UT,US Senate,Shaun Lynn McCausland,Constitution,(435)668-7118,"51 N 300 W | LaVerkin, UT 84745",www.mrshaungoestowashington.com,shaun@musicomp.net
UT00002,UT,Federal,UT,US Senate,Scott Howell,Democratic,(801)930-9165,"3686 Cove Point Dr. | Salt Lake City, UT 84109"
UT00003,UT,Federal,UT,US Senate,Orrin G. Hatch,Republican,(801)797-8200,"4516 South 700 East | Murray, UT 84107",www.orrinhatch.com,orrin@hatchforsenate.com
UT00004,UT,Federal,UT,US Senate,Daniel Geery,Utah Justice Party,(801)856-9936,"1941 Sargeant Dr | Salt Lake City, UT 84116"
UT00005,UT,Federal,UT,US Senate,Bill Barron,Unaffiliated,(801)699-5705,"769 East Harrison | Salt Lake City, UT 84105",barronforussenate.com,bill@barronforussenate.com
UT00020,UT,State,UT,Governor,Peter S. Cooke & Vincent C. Rampton,Democratic,(801)363-2270,"124 S 600 E | Salt Lake City, UT 84102",www.cookeforgovernor.com,pete@cookeforgovernor.com
UT00021,UT,State,UT,Governor,Kirk D Pearson,Constitution,(801)856-1471,"1316 E. Canyon Road | Lake Point, UT 84074",kirk@kdphomes.com
UT00022,UT,State,UT,Governor,Ken Larsen & J. Robert Latham,Libertarian,(801)281-3139,"4678 S. 1300 E. #B | Salt Lake City, UT 84117",kencan@xmission.com
UT00023,UT,State,UT,Governor,"Gary R. Herbert, Greg Bell",Republican,(801)290-2146,"392 East Winchester | Salt Lake City, UT 84107",www.garyherbert.com,gary@garyherbert.com
UT00024,UT,State,UT,Attorney General,Dee W. Smith,Democratic,(801)791-0268,"4471 Jefferson Ave | South Ogden, UT 84403",webercoatty@gmail.com
UT00025,UT,State,UT,Attorney General,John Swallow,Republican,(801)572-8201,"PO Box 901483 | Sandy, UT 84090",www.johnswallow.com,johneswallow@gmail.com
UT00026,UT,State,UT,Attorney General,W. Andrew McCullough,Libertarian,(801)566-1988,"6885 S State St | Midvale, UT 84047",www.andrewmccullough.org,wandrew@prodigy.net
UT00027,UT,State,UT,State Auditor,Mark Sage,Democratic,(801)391-2403,"4135 W 5250 S | Roy, UT 84067",marksage4district12@gmail.com
UT00028,UT,State,UT,State Auditor,John Dougall,Republican,(801)492-1365,"4968 Alpine Circle | Highland, UT 84003",www.jdougall.com,repjohndougall@gmail.com
UT00029,UT,State,UT,State Auditor,Richard Proctor,Constitution,(801)285-9489,"PO Box 708232 | Sandy, UT 84070",provis@clear.net
UT00030,UT,State,UT,State Treasurer,Christopher Stout,Democratic,(801)892-9700,"880 Red Sage Lane | Salt Lake City, UT 84107",www.stout2012.com,info@christopherstout.org
UT00031,UT,State,UT,State Treasurer,Vincent C. Marcus III,Libertarian,(801)444-0737,"2880 W 1425 N | Layton, UT 84041",www.votemarcus.com,vince@votemarcus.com
UT00032,UT,State,UT,State Treasurer,Richard K. Ellis,Republican,(801)569-1464,"2179 West 9140 South | West Jordan, UT 84088",rellisfortreasurer@gmail.com
VA00001,VA,Federal,VA,U.S. Senate,George F. Allen,Republican,FALSE,804-726-2012,"2819 North Parham Road| Henrico, VA 23229",http://www.georgeallen.com,mike.thomas@georgeallen.com,?
VA00002,VA,Federal,VA,U.S. Senate,Timothy M. Kaine,Democratic,FALSE,804-359-710,"PO Box 12307| Richmond, VA 23241",http://www.kaineforva.com,tmk@kaineforsenate.com,e
VT00001,VT,Federal,VT,For US Senator,Pete Diamondstone,Liberty Union
VT00002,VT,Federal,VT,For US Senator,Cris Ericson,United States Marijuana
VT00003,VT,Federal,VT,For US Senator,Laurel Laframboise,VoteKISS
VT00004,VT,Federal,VT,For US Senator,John Macgovern,Republican
VT00005,VT,Federal,VT,For US Senator,Peter Moss,Peace and Prosperity
VT00006,VT,Federal,VT,For US Senator,Bernie Sanders,Independent
VT00007,VT,Federal,VT,For Representative to Congress,"James ""Sam"" Desrochers",Independent
VT00008,VT,Federal,VT,For Representative to Congress,Mark Donka,Republican
VT00009,VT,Federal,VT,For Representative to Congress,Andre Laframboise,VoteKISS
VT00010,VT,Federal,VT,For Representative to Congress,Jane Newton,Liberty Union
VT00011,VT,Federal,VT,For Representative to Congress,Peter Welch,Democratic/Working Families
VT00012,VT,State,VT,For Governor,Randy Brock,Republican
VT00013,VT,State,VT,For Governor,Dave Eagle,Liberty Union
VT00014,VT,State,VT,For Governor,Cris Ericson,United States Marijuana
VT00015,VT,State,VT,For Governor,Emily Peyton,Independent
VT00016,VT,State,VT,For Governor,Peter Shumlin,Democratic/Working Families
VT00017,VT,State,VT,For Lieutenant Governor,"Cassandra ""Cass"" Gekas",Progressive/Democratic
VT00018,VT,State,VT,For Lieutenant Governor,Ben Mitchell,Liberty Union
VT00019,VT,State,VT,For Lieutenant Governor,Phil Scott,Republican
VT00020,VT,State,VT,For State Treasurer,"Jessica ""Jessy"" Diamondstone",Liberty Union
VT00021,VT,State,VT,For State Treasurer,Beth Pearce,Democratic/Working Families
VT00022,VT,State,VT,For State Treasurer,Don Schramm,Progressive
VT00023,VT,State,VT,For State Treasurer,Wendy Wilton,Republican
VT00024,VT,State,VT,For Secretary of State,James C. Condos,Dem/Prog/WF/Rep
VT00025,VT,State,VT,For Secretary of State,"Mary Alice ""Mal"" Herbert",Liberty Union
VT00026,VT,State,VT,For Auditor of Accounts,Doug Hoffer,Democratic/Progressive
VT00027,VT,State,VT,For Auditor of Accounts,Vincent Illuzzi,Republican/Working Families
VT00028,VT,State,VT,For Auditor of Accounts,Jerry Levy,Liberty Union
VT00029,VT,State,VT,For Attorney General,Rosemarie Jackowski,Liberty Union
VT00030,VT,State,VT,For Attorney General,Jack Mcmullen,Republican
VT00031,VT,State,VT,For Attorney General,William H. Sorrell,Democratic
VT00032,VT,State,VT,For Attorney General,Ed Stanak,Progressive
WA00001,WA,Federal,WA,U.S. Senator,Maria Cantwell,Democratic
WA00002,WA,Federal,WA,U.S. Senator,Michael Baumgartner,Republican
WA00025,WA,State,WA,Governor,Jay Inslee,Democratic
WA00026,WA,State,WA,Governor,Rob McKenna,Republican
WA00027,WA,State,WA,Lt. Governor,Brad Owen,Democratic
WA00028,WA,State,WA,Lt. Governor,Bill Finkbeiner,Republican
WA00029,WA,State,WA,Secretary of State,Kathleen Drew,Democratic
WA00030,WA,State,WA,Secretary of State,Kim Wyman,Republican
WA00031,WA,State,WA,State Treasurer,Jim McIntire,Democratic
WA00032,WA,State,WA,State Auditor,Troy Kelley,Democratic
WA00033,WA,State,WA,State Auditor,James Watkins,Republican
WA00034,WA,State,WA,Attorney General,Bob Ferguson,Democratic
WA00035,WA,State,WA,Attorney General,Reagan Dunn,Republican
WA00036,WA,State,WA,Commissioner of Public Lands,Peter J. Goldmark,Democratic
WA00037,WA,State,WA,Commissioner of Public Lands,Clint Didier,Republican
WA00038,WA,State,WA,Superintendent of Public Instruction,Randy I. Dorn,Non-Partisan
WA00039,WA,State,WA,Superintendent of Public Instruction,Ronald L. (Ron) Higgins,Non-Partisan
WA00040,WA,State,WA,Insurance Commissioner,Mike Kreidler,Democratic
WA00041,WA,State,WA,Insurance Commissioner,John R. Adams,Republican
WA00260,WA,Other,WA,Supreme Court,Susan Owens,Non-Partisan
WA00261,WA,Other,WA,Supreme Court,Douglas W. McQuaid,Non-Partisan
WA00262,WA,Other,WA,Supreme Court,Steve Gonzalez,Non-Partisan
WA00263,WA,Other,WA,Supreme Court,Bruce O. Danielson,Non-Partisan
WA00264,WA,Other,WA,Supreme Court,Sheryl Gordon McCloud,Non-Partisan
WA00265,WA,Other,WA,Supreme Court,Richard B. Sanders,Non-Partisan
WA00266,WA,Other,WA,Court of Appeals,Ronald E. Cox,Non-Partisan
WA00267,WA,Other,WA,Court of Appeals,Marlin Appelwick,Non-Partisan
WA00268,WA,Other,WA,Court of Appeals,Mary Kay Becker,Non-Partisan
WA00269,WA,Other,WA,Court of Appeals,Christine Quinn-Brintnall,Non-Partisan
WA00270,WA,Other,WA,Court of Appeals,Pamela (Pam) Loginsky,Non-Partisan
WA00271,WA,Other,WA,Court of Appeals,Thomas Bjorgen,Non-Partisan
WA00272,WA,Other,WA,Court of Appeals,Joel Penoyar,Non-Partisan
WA00273,WA,Other,WA,Court of Appeals,Laurel Siddoway,Non-Partisan
WA00274,WA,Other,WA,Court of Appeals,Teresa C. Kulik,Non-Partisan
WA00275,WA,Other,WA,Court of Appeals,Devin Poulson,Non-Partisan
WV00001,WV,Federal,WV,U.S. Senate,Joe Manchin III,Democratic,TRUE,info@joemanchinwv.com
WV00002,WV,Federal,WV,U.S. Senate,John R. Raese,Republican,FALSE,304-594-0281,jtroy@raeseforsenate.org
WV00009,WV,State,WV,Governor,Earl Ray Tomblin,Democratic,TRUE
WV00010,WV,State,WV,Governor,Bill Maloney,Republican,FALSE
WV00011,WV,State,WV,Agriculture Commissioner,Walt Helmick,Democratic,FALSE
WV00012,WV,State,WV,Agriculture Commissioner,Kent Leonhardt,Republican,FALSE
WV00013,WV,State,WV,Attorney General,Darrell McGraw,Democratic,TRUE
WV00014,WV,State,WV,Attorney General,Patrick Morrisey,Republican,FALSE
WV00015,WV,State,WV,Auditor,Glen Gainer,Democratic,TRUE
WV00016,WV,State,WV,Auditor,Larry Faircloth,Republican,FALSE
WV00017,WV,State,WV,Secretary of State,Natalie Tennant,Democratic,TRUE
WV00018,WV,State,WV,Secretary of State,Brian Savilla,Republican,FALSE
WV00218,WV,State,WV,Treasurer,John Perdue,Democratic,TRUE
WV00219,WV,State,WV,Treasurer,Mike Hall,Republican
WY00001,WY,Federal,WY,United States Senator,John Barrasso,Republican,307-234-0819,"P.O. Box 52008 | Casper, WY 82605",ryan@barrassoforwyoming.com
WY00002,WY,Federal,WY,United States Senator,Tim Chesnut,Democratic,307-760-5171,"2124 Thornburgh Dr | Laramie, WY 82070",tchesnut@co.albany.wy.us
WY00003,WY,Federal,WY,United States Senator,Joel Otto,Country,307-332-7989,"2946 Sinks Canyon Rd | Lander, WY 82520",jotto@lisco.com
WY00004,WY,Federal,WY,United States Representative,Cynthia M. Lummis,Republican,307-630-7704,"3905 Bent Ave | Cheyenne, WY 82001",haley@lummisforwyoming.org
WY00005,WY,Federal,WY,United States Representative,Chris Henrichsen,Democratic,307-702-1430,"P.O. Box 4097 | Casper, WY 82604",chrishenrichsen@me.com
WY00006,WY,Federal,WY,United States Representative,Richard P. Brubaker,Libertarian,307-856-4650,"4530 W Mountain View Dr | Riverton, WY 82501",BRUMISTER53@YAHOO.COM
WY00007,WY,Federal,WY,United States Representative,Daniel Clyde Cummings,Constitution,307-472-1863,"P.O. Box 1060 | Casper, WY 82602-1060",cummings4congress@mail.com
WY00008,WY,Federal,WY,United States Representative,Don Wills,Country,307-245-3140,"105 Road 161 | Pine Bluffs, WY 82082",don.wills@me.com
